{
    "0": 51.9205298013245,
    "1": 64.10596026490066,
    "2": 63.17880794701986,
    "3": 58.675496688741724,
    "4": 70.4635761589404,
    "5": 70.19867549668875,
    "6": 76.42384105960265,
    "7": 76.82119205298014,
    "8": 70.72847682119206,
    "9": 77.21854304635761,
    "10": 74.3046357615894,
    "11": 79.0728476821192,
    "12": 76.02649006622516,
    "13": 73.90728476821192,
    "14": 79.86754966887418,
    "15": 78.41059602649007,
    "16": 70.99337748344371,
    "17": 79.33774834437087,
    "18": 85.6953642384106,
    "19": 83.44370860927152,
    "20": 82.64900662251655,
    "21": 84.63576158940397,
    "22": 81.45695364238411,
    "23": 81.32450331125828,
    "24": 86.35761589403972,
    "25": 75.7615894039735,
    "26": 81.72185430463577,
    "27": 80.0,
    "28": 84.2384105960265,
    "29": 81.58940397350993,
    "30": 76.55629139072848,
    "31": 88.74172185430463,
    "32": 83.57615894039735,
    "33": 78.41059602649007,
    "34": 74.83443708609272,
    "35": 80.26490066225166,
    "36": 87.94701986754967,
    "37": 76.15894039735099,
    "38": 82.9139072847682,
    "39": 80.39735099337749,
    "40": 84.90066225165563,
    "41": 83.3112582781457,
    "42": 76.15894039735099,
    "43": 76.15894039735099,
    "44": 79.47019867549669,
    "45": 83.44370860927152,
    "46": 90.86092715231788,
    "47": 79.86754966887418,
    "48": 86.6225165562914,
    "49": 80.9271523178808,
    "50": 85.82781456953641,
    "51": 75.7615894039735,
    "52": 80.9271523178808,
    "53": 88.34437086092716,
    "54": 73.64238410596028,
    "55": 90.4635761589404,
    "56": 67.01986754966887,
    "57": 81.8543046357616,
    "58": 82.11920529801324,
    "59": 74.17218543046357,
    "60": 76.42384105960265,
    "61": 86.75496688741721,
    "62": 82.51655629139073,
    "63": 89.93377483443709,
    "64": 81.98675496688742,
    "65": 82.25165562913908,
    "66": 78.54304635761589,
    "67": 88.47682119205298,
    "68": 83.04635761589404,
    "69": 76.95364238410596,
    "70": 78.54304635761589,
    "71": 83.57615894039735,
    "72": 83.3112582781457,
    "73": 86.49006622516556,
    "74": 84.10596026490066,
    "75": 81.05960264900662,
    "76": 86.09271523178808,
    "77": 79.0728476821192,
    "78": 80.39735099337749,
    "79": 85.1655629139073,
    "80": 83.04635761589404,
    "81": 85.96026490066225,
    "82": 85.82781456953641,
    "83": 78.01324503311258,
    "84": 80.9271523178808,
    "85": 82.9139072847682,
    "86": 87.94701986754967,
    "87": 80.26490066225166,
    "88": 72.31788079470198,
    "89": 76.02649006622516,
    "90": 86.49006622516556,
    "91": 81.98675496688742,
    "92": 81.32450331125828,
    "93": 83.97350993377484,
    "94": 77.6158940397351,
    "95": 89.00662251655629,
    "96": 75.49668874172185,
    "97": 85.43046357615894,
    "98": 85.2980132450331,
    "99": 85.2980132450331
}