{
    "0": 53.377483443708606,
    "1": 61.45695364238411,
    "2": 71.52317880794702,
    "3": 63.70860927152317,
    "4": 70.99337748344371,
    "5": 70.72847682119206,
    "6": 68.74172185430464,
    "7": 79.60264900662251,
    "8": 70.4635761589404,
    "9": 80.79470198675497,
    "10": 74.96688741721854,
    "11": 76.82119205298014,
    "12": 70.19867549668875,
    "13": 77.6158940397351,
    "14": 82.3841059602649,
    "15": 82.25165562913908,
    "16": 83.57615894039735,
    "17": 81.45695364238411,
    "18": 85.56291390728477,
    "19": 83.84105960264901,
    "20": 85.1655629139073,
    "21": 80.39735099337749,
    "22": 84.37086092715231,
    "23": 82.9139072847682,
    "24": 82.3841059602649,
    "25": 82.64900662251655,
    "26": 87.41721854304636,
    "27": 85.03311258278146,
    "28": 86.6225165562914,
    "29": 82.78145695364239,
    "30": 83.57615894039735,
    "31": 84.50331125827815,
    "32": 84.37086092715231,
    "33": 84.2384105960265,
    "34": 84.10596026490066,
    "35": 81.32450331125828,
    "36": 79.73509933774835,
    "37": 80.9271523178808,
    "38": 88.87417218543047,
    "39": 83.04635761589404,
    "40": 85.82781456953641,
    "41": 89.13907284768212,
    "42": 83.70860927152319,
    "43": 86.49006622516556,
    "44": 83.3112582781457,
    "45": 83.97350993377484,
    "46": 88.74172185430463,
    "47": 85.03311258278146,
    "48": 86.6225165562914,
    "49": 84.63576158940397,
    "50": 86.88741721854305,
    "51": 87.15231788079471,
    "52": 87.15231788079471,
    "53": 89.27152317880794,
    "54": 89.5364238410596,
    "55": 81.8543046357616,
    "56": 86.09271523178808,
    "57": 88.0794701986755,
    "58": 86.09271523178808,
    "59": 84.76821192052981,
    "60": 90.06622516556291,
    "61": 86.35761589403972,
    "62": 87.68211920529801,
    "63": 85.6953642384106,
    "64": 86.49006622516556,
    "65": 89.5364238410596,
    "66": 89.40397350993378,
    "67": 88.47682119205298,
    "68": 86.88741721854305,
    "69": 86.88741721854305,
    "70": 86.09271523178808,
    "71": 87.15231788079471,
    "72": 88.74172185430463,
    "73": 89.66887417218543,
    "74": 84.76821192052981,
    "75": 83.70860927152319,
    "76": 89.93377483443709,
    "77": 89.00662251655629,
    "78": 87.01986754966887,
    "79": 86.88741721854305,
    "80": 86.35761589403972,
    "81": 89.93377483443709,
    "82": 89.66887417218543,
    "83": 88.21192052980132,
    "84": 87.54966887417218,
    "85": 89.80132450331125,
    "86": 87.54966887417218,
    "87": 88.21192052980132,
    "88": 86.88741721854305,
    "89": 88.34437086092716,
    "90": 90.72847682119205,
    "91": 88.87417218543047,
    "92": 85.96026490066225,
    "93": 86.49006622516556,
    "94": 88.60927152317882,
    "95": 89.13907284768212,
    "96": 89.80132450331125,
    "97": 88.34437086092716,
    "98": 88.87417218543047,
    "99": 88.21192052980132
}